c,subj,s,t,movedur,sum_t2
1,1,2,1,0.57688,0.03203
1,1,2,2,0.54971,0.45801
1,1,2,3,0.572,0.084706
1,1,2,4,0.53353,0.53827
1,1,2,5,0.65778,0.041245
1,1,2,6,0.54706,0.54676
1,1,2,7,0.599,0.08747
1,1,2,8,0.59361,0.45781
1,1,3,1,0.64,0.023226
1,1,3,2,0.58867,0.31291
1,1,3,3,0.64625,0.040454
1,1,3,4,0.60367,0.31008
1,1,3,5,0.67462,0.027503
1,1,3,6,0.618,0.4006
1,1,3,7,0.66594,0.052786
1,1,3,8,0.62562,0.35086
1,1,4,1,0.85083,0.0055262
1,1,4,2,0.81708,0.075351
1,1,4,3,0.82071,0.013369
1,1,4,4,0.80536,0.075737
1,1,4,5,0.88542,0.0083615
1,1,4,6,0.82958,0.066975
1,1,4,7,0.86429,0.018091
1,1,4,8,0.83267,0.071943
1,1,5,1,1.0273,0.0026693
1,1,5,2,0.97208,0.032522
1,1,5,3,0.9525,0.005025
1,1,5,4,0.9835,0.029602
1,1,5,5,1.0354,0.0035303
1,1,5,6,1.0408,0.028861
1,1,5,7,1.0531,0.007494
1,1,5,8,0.98545,0.031896
1,1,6,1,1.1869,0.0017257
1,1,6,2,1.2594,0.015997
1,1,6,3,1.1936,0.0028149
1,1,6,4,1.1625,0.015293
1,1,6,5,1.2384,0.0028748
1,1,6,6,1.2867,0.015747
1,1,6,7,1.2258,0.0038989
1,1,6,8,1.2208,0.01475
1,2,2,1,0.52639,0.063794
1,2,2,2,0.49792,0.97628
1,2,2,3,0.55036,0.10447
1,2,2,4,0.53962,0.80745
1,2,2,5,0.6,0.060642
1,2,2,6,0.57208,0.80525
1,2,2,7,0.58125,0.11838
1,2,2,8,0.54423,0.95784
1,2,3,1,0.61167,0.031605
1,2,3,2,0.60042,0.44353
1,2,3,3,0.62906,0.053183
1,2,3,4,0.5675,0.45346
1,2,3,5,0.69167,0.032465
1,2,3,6,0.61583,0.39065
1,2,3,7,0.66969,0.052169
1,2,3,8,0.57265,0.50463
1,2,4,1,0.77333,0.011947
1,2,4,2,0.76769,0.15174
1,2,4,3,0.77542,0.028915
1,2,4,4,0.78176,0.14556
1,2,4,5,0.87167,0.015093
1,2,4,6,0.84679,0.11575
1,2,4,7,0.88333,0.021602
1,2,4,8,0.84265,0.11802
1,2,5,1,0.94937,0.0050186
1,2,5,2,1.0025,0.05902
1,2,5,3,0.9835,0.0091184
1,2,5,4,0.99321,0.048774
1,2,5,5,1.0125,0.0076545
1,2,5,6,1.0679,0.067115
1,2,5,7,1.0435,0.0091963
1,2,5,8,1.0627,0.058227
1,2,6,1,1.0796,0.0023694
1,2,6,2,1.0675,0.039929
1,2,6,3,1.1323,0.0048521
1,2,6,4,1.1733,0.035488
1,2,6,5,1.183,0.0035349
1,2,6,6,1.2019,0.037038
1,2,6,7,1.1979,0.0058549
1,2,6,8,1.2717,0.034046
1,3,2,1,0.562,0.081504
1,3,2,2,0.52575,1.5828
1,3,2,3,0.58909,0.15377
1,3,2,4,0.52972,1.5187
1,3,2,5,0.594,0.10376
1,3,2,6,0.55714,1.6053
1,3,2,7,0.59,0.16376
1,3,2,8,0.54222,1.7884
1,3,3,1,0.68933,0.038648
1,3,3,2,0.64844,0.71675
1,3,3,3,0.68286,0.074717
1,3,3,4,0.65417,0.65003
1,3,3,5,0.70333,0.04828
1,3,3,6,0.66687,0.74409
1,3,3,7,0.6725,0.083349
1,3,3,8,0.63417,0.89216
1,3,4,1,0.91364,0.011457
1,3,4,2,0.81567,0.18461
1,3,4,3,0.8405,0.022387
1,3,4,4,0.86133,0.19005
1,3,4,5,0.89364,0.019712
1,3,4,6,0.817,0.21619
1,3,4,7,0.88409,0.02431
1,3,4,8,0.85562,0.23441
1,3,5,1,1.0713,0.0048166
1,3,5,2,1.0988,0.059253
1,3,5,3,1.1,0.0069777
1,3,5,4,1.0706,0.070144
1,3,5,5,1.1092,0.0059751
1,3,5,6,1.095,0.062295
1,3,5,7,1.1125,0.010726
1,3,5,8,1.1422,0.080998
1,3,6,1,1.3169,0.0031029
1,3,6,2,1.2671,0.039368
1,3,6,3,1.2761,0.0057063
1,3,6,4,1.2292,0.041631
1,3,6,5,1.25,0.0054095
1,3,6,6,1.2979,0.035082
1,3,6,7,1.3108,0.0056961
1,3,6,8,1.3092,0.042778
1,4,2,1,0.59563,0.028284
1,4,2,2,0.56605,0.39998
1,4,2,3,0.62214,0.062146
1,4,2,4,0.62214,0.39793
1,4,2,5,0.70594,0.047835
1,4,2,6,0.62125,0.58978
1,4,2,7,0.65633,0.067751
1,4,2,8,0.58929,0.45479
1,4,3,1,0.72821,0.01612
1,4,3,2,0.68133,0.15496
1,4,3,3,0.72143,0.026062
1,4,3,4,0.7345,0.16207
1,4,3,5,0.81853,0.01971
1,4,3,6,0.72706,0.23855
1,4,3,7,0.75719,0.028996
1,4,3,8,0.726,0.17079
1,4,4,1,0.83687,0.0067101
1,4,4,2,0.83,0.065607
1,4,4,3,0.83591,0.012407
1,4,4,4,0.8575,0.077615
1,4,4,5,0.88688,0.0099354
1,4,4,6,0.86375,0.074552
1,4,4,7,0.84038,0.014393
1,4,4,8,0.83192,0.081287
1,4,5,1,1.0825,0.002653
1,4,5,2,1.06,0.024194
1,4,5,3,1.0944,0.0037727
1,4,5,4,1.0689,0.023452
1,4,5,5,1.0935,0.003127
1,4,5,6,1.0833,0.029788
1,4,5,7,1.0583,0.0062743
1,4,5,8,1.065,0.031885
1,4,6,1,1.28,0.0020074
1,4,6,2,1.2181,0.01651
1,4,6,3,1.3156,0.0026627
1,4,6,4,1.3142,0.014377
1,4,6,5,1.2745,0.0019583
1,4,6,6,1.32,0.015864
1,4,6,7,1.2691,0.0031141
1,4,6,8,1.305,0.015932
1,5,1,1,0.52,0.072609
1,5,1,2,0.46028,1.5375
1,5,1,3,0.503,0.10665
1,5,1,4,0.4675,1.657
1,5,1,5,0.52563,0.07168
1,5,1,6,0.55763,1.2759
1,5,1,7,0.553,0.16486
1,5,1,8,0.53875,1.3036
1,5,2,1,0.58656,0.056789
1,5,2,2,0.53091,1.0277
1,5,2,3,0.58556,0.13274
1,5,2,4,0.55921,1.1413
1,5,2,5,0.63031,0.077114
1,5,2,6,0.62773,1.051
1,5,2,7,0.665,0.12095
1,5,2,8,0.5745,1.1223
1,5,3,1,0.64083,0.032515
1,5,3,2,0.64594,0.4279
1,5,3,3,0.654,0.065262
1,5,3,4,0.61667,0.62308
1,5,3,5,0.74143,0.04822
1,5,3,6,0.68625,0.98888
1,5,3,7,0.70469,0.084363
1,5,3,8,0.683,0.70968
1,5,4,1,0.85231,0.0081248
1,5,4,2,0.83433,0.11804
1,5,4,3,0.82625,0.017153
1,5,4,4,0.80818,0.15429
1,5,4,5,0.924,0.015512
1,5,4,6,0.87433,0.1634
1,5,4,7,0.91769,0.020444
1,5,4,8,0.90417,0.13011
1,5,5,1,1.0837,0.003643
1,5,5,2,1.0336,0.049359
1,5,5,3,1.0937,0.0066546
1,5,5,4,1.0346,0.05539
1,5,5,5,0.9975,0.0067952
1,5,5,6,0.95136,0.077871
1,5,5,7,1.0064,0.012858
1,5,5,8,1.0417,0.072729
1,5,6,1,1.285,0.0028259
1,5,6,2,1.2782,0.02527
1,5,6,3,1.2239,0.0048771
1,5,6,4,1.1764,0.029437
1,5,6,5,1.1782,0.0038284
1,5,6,6,1.2446,0.028839
1,5,6,7,1.294,0.0046037
1,5,6,8,1.2364,0.030598
1,6,1,1,0.54679,0.054097
1,6,1,2,0.52214,1.0291
1,6,1,3,0.50417,0.13976
1,6,1,4,0.493,1.1964
1,6,1,5,0.59643,0.092492
1,6,1,6,0.51679,1.121
1,6,1,7,0.62167,0.13621
1,6,1,8,0.53267,0.94343
1,6,2,1,0.54471,0.047865
1,6,2,2,0.57567,0.71212
1,6,2,3,0.61357,0.10214
1,6,2,4,0.543,0.87358
1,6,2,5,0.60853,0.051948
1,6,2,6,0.56733,1.038
1,6,2,7,0.682,0.10016
1,6,2,8,0.608,0.80889
1,6,3,1,0.66794,0.025356
1,6,3,2,0.64917,0.339
1,6,3,3,0.67308,0.055602
1,6,3,4,0.636,0.41635
1,6,3,5,0.70147,0.040038
1,6,3,6,0.67917,0.50324
1,6,3,7,0.74154,0.057203
1,6,3,8,0.66545,0.4393
1,6,4,1,0.76733,0.010219
1,6,4,2,0.78769,0.11789
1,6,4,3,0.77222,0.017041
1,6,4,4,0.79937,0.12541
1,6,4,5,0.88625,0.014342
1,6,4,6,0.83077,0.11413
1,6,4,7,0.8625,0.02299
1,6,4,8,0.83969,0.14476
1,6,5,1,1.0234,0.0043456
1,6,5,2,0.95312,0.051279
1,6,5,3,1.0257,0.0069814
1,6,5,4,1.0011,0.048595
1,6,5,5,1.0259,0.0076965
1,6,5,6,0.965,0.055908
1,6,5,7,0.97,0.013029
1,6,5,8,0.98444,0.0764
1,6,6,1,1.2331,0.0024002
1,6,6,2,1.145,0.030735
1,6,6,3,1.0817,0.0053003
1,6,6,4,1.1175,0.033659
1,6,6,5,1.1873,0.0033538
1,6,6,6,1.0808,0.035981
1,6,6,7,1.1925,0.0055835
1,6,6,8,1.1542,0.046571
1,7,1,1,0.52389,0.059169
1,7,1,2,0.493,0.92577
1,7,1,3,0.50024,0.13177
1,7,1,4,0.47938,0.90375
1,7,1,5,0.52944,0.078497
1,7,1,6,0.485,1.0678
1,7,1,7,0.55738,0.12365
1,7,1,8,0.48188,0.84581
1,7,2,1,0.55469,0.039368
1,7,2,2,0.53967,0.57703
1,7,2,3,0.55233,0.082455
1,7,2,4,0.55026,0.55072
1,7,2,5,0.58563,0.052984
1,7,2,6,0.59062,0.70753
1,7,2,7,0.604,0.095794
1,7,2,8,0.524,0.63332
1,7,3,1,0.69321,0.018876
1,7,3,2,0.66,0.27693
1,7,3,3,0.66969,0.037036
1,7,3,4,0.68567,0.27192
1,7,3,5,0.68643,0.032378
1,7,3,6,0.66767,0.39897
1,7,3,7,0.71529,0.044521
1,7,3,8,0.67067,0.29794
1,7,4,1,0.83175,0.0069449
1,7,4,2,0.845,0.075575
1,7,4,3,0.83615,0.013317
1,7,4,4,0.8775,0.062863
1,7,4,5,0.87,0.010689
1,7,4,6,0.84773,0.12203
1,7,4,7,0.91885,0.014067
1,7,4,8,0.90708,0.096538
1,7,5,1,1.0533,0.0028978
1,7,5,2,1.0085,0.033252
1,7,5,3,1.0332,0.0055799
1,7,5,4,1.0115,0.030378
1,7,5,5,1.0329,0.0046892
1,7,5,6,1.0245,0.043317
1,7,5,7,1.0735,0.0058126
1,7,5,8,1.1025,0.04342
1,7,6,1,1.17,0.0025656
1,7,6,2,1.1667,0.01988
1,7,6,3,1.2475,0.0031604
1,7,6,4,1.2394,0.015639
1,7,6,5,1.2117,0.0031533
1,7,6,6,1.1325,0.032079
1,7,6,7,1.2542,0.0037884
1,7,6,8,1.2984,0.01875
1,8,1,1,0.49577,0.045075
1,8,1,2,0.46,0.63885
1,8,1,3,0.5,0.080771
1,8,1,4,0.46969,0.71314
1,8,1,5,0.53233,0.035529
1,8,1,6,0.52533,0.72339
1,8,1,7,0.53423,0.097845
1,8,1,8,0.49438,0.89698
1,8,2,1,0.54033,0.037558
1,8,2,2,0.53538,0.43457
1,8,2,3,0.56923,0.063994
1,8,2,4,0.48727,0.60642
1,8,2,5,0.55588,0.042737
1,8,2,6,0.51462,0.68701
1,8,2,7,0.57231,0.10533
1,8,2,8,0.54333,0.78812
1,8,3,1,0.6725,0.016838
1,8,3,2,0.64607,0.20722
1,8,3,3,0.65187,0.034188
1,8,3,4,0.63583,0.30881
1,8,3,5,0.67,0.033184
1,8,3,6,0.663,0.33759
1,8,3,7,0.68344,0.041922
1,8,3,8,0.63583,0.31794
1,8,4,1,0.865,0.0045608
1,8,4,2,0.81591,0.072063
1,8,4,3,0.82923,0.011708
1,8,4,4,0.77688,0.080659
1,8,4,5,0.83333,0.014862
1,8,4,6,0.79,0.15012
1,8,4,7,0.8875,0.017643
1,8,4,8,0.83118,0.1247
1,8,5,1,0.9275,0.003874
1,8,5,2,0.84167,0.045954
1,8,5,3,0.98688,0.0057089
1,8,5,4,0.99036,0.032082
1,8,5,5,0.91125,0.0084191
1,8,5,6,0.909,0.070918
1,8,5,7,0.87045,0.011869
1,8,5,8,0.89321,0.06312
1,8,6,1,1.1436,0.0017201
1,8,6,2,1.0662,0.023557
1,8,6,3,1.1433,0.0039753
1,8,6,4,1.1708,0.015642
1,8,6,5,1.0692,0.0058752
1,8,6,6,1.1392,0.03112
1,8,6,7,1.1173,0.0046277
1,8,6,8,1.0992,0.034818
2,1,2,1,0.61071,2.9222
2,1,2,2,0.60588,1.8972
2,1,2,3,0.61464,2.7429
2,1,2,4,0.55235,2.0863
2,1,2,5,0.632,4.3576
2,1,2,6,0.59941,2.8921
2,1,2,7,0.62536,4.3947
2,1,2,8,0.61088,2.3742
2,1,3,1,0.655,2.0923
2,1,3,2,0.64531,1.2549
2,1,3,3,0.65786,2.1515
2,1,3,4,0.64222,1.2784
2,1,3,5,0.68059,3.211
2,1,3,6,0.65063,1.7514
2,1,3,7,0.67071,3.2451
2,1,3,8,0.655,1.8348
2,1,4,1,0.83125,0.62259
2,1,4,2,0.78412,0.41516
2,1,4,3,0.79538,0.57134
2,1,4,4,0.814,0.43397
2,1,4,5,0.88692,0.88907
2,1,4,6,0.83412,0.61879
2,1,4,7,0.87679,0.8355
2,1,4,8,0.812,0.45841
2,1,5,1,1.0537,0.23196
2,1,5,2,0.96625,0.1572
2,1,5,3,0.98083,0.26206
2,1,5,4,0.99909,0.1517
2,1,5,5,1.0319,0.42626
2,1,5,6,1.0265,0.16881
2,1,5,7,1.0417,0.35091
2,1,5,8,0.99958,0.15163
2,1,6,1,1.1958,0.15039
2,1,6,2,1.1986,0.091537
2,1,6,3,1.2894,0.12356
2,1,6,4,1.2625,0.066335
2,1,6,5,1.2075,0.21521
2,1,6,6,1.2436,0.075816
2,1,6,7,1.227,0.17767
2,1,6,8,1.2492,0.091458
2,2,2,1,0.54267,3.3609
2,2,2,2,0.53036,2.8969
2,2,2,3,0.56233,3.563
2,2,2,4,0.53214,2.5598
2,2,2,5,0.62,4.0911
2,2,2,6,0.56929,3.4974
2,2,2,7,0.63647,3.5163
2,2,2,8,0.50214,3.7291
2,2,3,1,0.61423,2.3434
2,2,3,2,0.63214,1.7673
2,2,3,3,0.64733,2.3364
2,2,3,4,0.65633,1.6038
2,2,3,5,0.69464,2.6655
2,2,3,6,0.606,2.3157
2,2,3,7,0.68067,2.2047
2,2,3,8,0.63567,1.8988
2,2,4,1,0.76,0.7893
2,2,4,2,0.75531,0.52039
2,2,4,3,0.87933,0.51904
2,2,4,4,0.85227,0.41781
2,2,4,5,0.85778,0.81471
2,2,4,6,0.83765,0.69571
2,2,4,7,0.91906,0.88427
2,2,4,8,0.85792,0.64531
2,2,5,1,0.99318,0.32638
2,2,5,2,0.99042,0.20971
2,2,5,3,1.0355,0.26261
2,2,5,4,0.95231,0.24772
2,2,5,5,1.1014,0.60918
2,2,5,6,1.0771,0.33342
2,2,5,7,1.0829,0.52173
2,2,5,8,1.0635,0.28887
2,2,6,1,1.1289,0.20618
2,2,6,2,1.1838,0.10688
2,2,6,3,1.1644,0.14635
2,2,6,4,1.105,0.11008
2,2,6,5,1.251,0.18781
2,2,6,6,1.2646,0.11815
2,2,6,7,1.1833,0.22737
2,2,6,8,1.225,0.13194
2,3,2,1,0.58591,4.4741
2,3,2,2,0.56833,3.8252
2,3,2,3,0.59529,4.0996
2,3,2,4,0.58765,3.5982
2,3,2,5,0.57154,6.5594
2,3,2,6,0.57867,5.5647
2,3,2,7,0.62412,4.4117
2,3,2,8,0.58412,4.604
2,3,3,1,0.688,2.2871
2,3,3,2,0.67038,1.9403
2,3,3,3,0.67188,2.3732
2,3,3,4,0.68231,2.1832
2,3,3,5,0.71367,3.423
2,3,3,6,0.68962,2.862
2,3,3,7,0.74,2.8336
2,3,3,8,0.675,2.5319
2,3,4,1,0.89423,0.76249
2,3,4,2,0.85333,0.59791
2,3,4,3,0.88867,0.68233
2,3,4,4,0.86179,0.55438
2,3,4,5,0.87346,1.2926
2,3,4,6,0.87278,0.93355
2,3,4,7,0.88406,1.0193
2,3,4,8,0.81767,0.81857
2,3,5,1,1.0287,0.37893
2,3,5,2,0.98067,0.31261
2,3,5,3,1.0295,0.33293
2,3,5,4,1.0493,0.2399
2,3,5,5,1.0687,0.45323
2,3,5,6,0.98467,0.32568
2,3,5,7,1.1223,0.34995
2,3,5,8,1.0588,0.34616
2,3,6,1,1.2089,0.20654
2,3,6,2,1.262,0.1315
2,3,6,3,1.2205,0.17908
2,3,6,4,1.1744,0.14853
2,3,6,5,1.237,0.23873
2,3,6,6,1.1841,0.1814
2,3,6,7,1.2854,0.22285
2,3,6,8,1.3133,0.13765
2,4,2,1,0.60286,2.7605
2,4,2,2,0.6,1.6326
2,4,2,3,0.616,2.8136
2,4,2,4,0.62694,1.5624
2,4,2,5,0.74267,2.0013
2,4,2,6,0.67867,2.5181
2,4,2,7,0.63033,3.5131
2,4,2,8,0.61447,2.0836
2,4,3,1,0.695,1.8614
2,4,3,2,0.68921,0.97782
2,4,3,3,0.72781,1.7123
2,4,3,4,0.71125,1.0748
2,4,3,5,0.73464,2.6347
2,4,3,6,0.70342,1.7903
2,4,3,7,0.75059,2.2126
2,4,3,8,0.68167,1.0285
2,4,4,1,0.84192,0.60896
2,4,4,2,0.8525,0.32626
2,4,4,3,0.86423,0.59238
2,4,4,4,0.86154,0.32491
2,4,4,5,0.90115,0.76359
2,4,4,6,0.87179,0.4467
2,4,4,7,0.931,0.67188
2,4,4,8,0.90615,0.31172
2,4,5,1,1.0214,0.30389
2,4,5,2,0.99625,0.17249
2,4,5,3,1.0472,0.24328
2,4,5,4,1.035,0.13877
2,4,5,5,1.045,0.3384
2,4,5,6,1.08,0.23437
2,4,5,7,1.0975,0.29744
2,4,5,8,1.0871,0.17789
2,4,6,1,1.2918,0.14273
2,4,6,2,1.2221,0.07657
2,4,6,3,1.2394,0.13109
2,4,6,4,1.248,0.072658
2,4,6,5,1.3029,0.19145
2,4,6,6,1.3233,0.095892
2,4,6,7,1.2656,0.20415
2,4,6,8,1.3071,0.086531
2,5,1,1,0.52923,4.7354
2,5,1,2,0.47889,4.9297
2,5,1,3,0.525,4.8768
2,5,1,4,0.47147,5.9408
2,5,1,5,0.58643,5.3821
2,5,1,6,0.57139,5.246
2,5,1,7,0.64654,6.9453
2,5,1,8,0.54324,5.3744
2,5,2,1,0.61917,3.793
2,5,2,2,0.58077,3.095
2,5,2,3,0.598,4.0838
2,5,2,4,0.58071,3.4997
2,5,2,5,0.62694,5.4356
2,5,2,6,0.62769,4.8893
2,5,2,7,0.72656,4.8528
2,5,2,8,0.56607,4.1706
2,5,3,1,0.67735,2.3831
2,5,3,2,0.64094,1.8648
2,5,3,3,0.66423,2.6727
2,5,3,4,0.66115,1.8522
2,5,3,5,0.74833,3.7346
2,5,3,6,0.68406,3.3189
2,5,3,7,0.75654,4.3076
2,5,3,8,0.66231,2.3955
2,5,4,1,0.835,0.62764
2,5,4,2,0.81708,0.54431
2,5,4,3,0.86406,0.62073
2,5,4,4,0.82875,0.58087
2,5,4,5,0.95269,1.0962
2,5,4,6,0.88,0.75915
2,5,4,7,0.92647,1.0594
2,5,4,8,0.89167,0.71961
2,5,5,1,1.0859,0.28653
2,5,5,2,0.9955,0.22391
2,5,5,3,1.0565,0.30415
2,5,5,4,1.0885,0.19524
2,5,5,5,1.1177,0.4982
2,5,5,6,1.0655,0.31784
2,5,5,7,1.0232,0.46113
2,5,5,8,1.0892,0.324
2,5,6,1,1.23,0.185
2,5,6,2,1.2778,0.10805
2,5,6,3,1.2719,0.15976
2,5,6,4,1.2527,0.10584
2,5,6,5,1.2905,0.20782
2,5,6,6,1.2761,0.14265
2,5,6,7,1.237,0.18893
2,5,6,8,1.236,0.11536
2,6,1,1,0.578,3.9482
2,6,1,2,0.54542,3.9518
2,6,1,3,0.56571,4.0432
2,6,1,4,0.47033,3.9316
2,6,1,5,0.56687,3.1473
2,6,1,6,0.56208,4.0682
2,6,1,7,0.54367,4.8375
2,6,1,8,0.52367,5.1987
2,6,2,1,0.62531,2.2931
2,6,2,2,0.62038,2.2007
2,6,2,3,0.637,2.802
2,6,2,4,0.57077,3.1311
2,6,2,5,0.67333,2.1526
2,6,2,6,0.58821,3.121
2,6,2,7,0.675,2.1739
2,6,2,8,0.56385,3.8354
2,6,3,1,0.68133,1.5223
2,6,3,2,0.64333,1.3397
2,6,3,3,0.70385,1.6126
2,6,3,4,0.65167,1.5396
2,6,3,5,0.745,2.0057
2,6,3,6,0.6775,2.3984
2,6,3,7,0.74038,2.2823
2,6,3,8,0.70667,1.6736
2,6,4,1,0.82154,0.74813
2,6,4,2,0.79324,0.52827
2,6,4,3,0.78687,0.80986
2,6,4,4,0.78375,0.646
2,6,4,5,0.86269,1.0287
2,6,4,6,0.82353,0.90086
2,6,4,7,0.804,0.99781
2,6,4,8,0.80538,0.66886
2,6,5,1,1.0041,0.28255
2,6,5,2,0.95278,0.24282
2,6,5,3,1.0043,0.3041
2,6,5,4,0.95,0.21243
2,6,5,5,1.0421,0.45814
2,6,5,6,0.99864,0.20429
2,6,5,7,1.0403,0.4314
2,6,5,8,0.99857,0.27221
2,6,6,1,1.2412,0.1674
2,6,6,2,1.13,0.13545
2,6,6,3,1.2139,0.15319
2,6,6,4,1.1485,0.11307
2,6,6,5,1.166,0.16694
2,6,6,6,1.1367,0.1161
2,6,6,7,1.2235,0.21356
2,6,6,8,1.2115,0.11641
2,7,1,1,0.4875,3.6222
2,7,1,2,0.5,4.0377
2,7,1,3,0.51633,4.5885
2,7,1,4,0.47923,3.5994
2,7,1,5,0.48563,4.9784
2,7,1,6,0.46688,4.1636
2,7,1,7,0.50867,5.3914
2,7,1,8,0.50231,4.5586
2,7,2,1,0.54933,4.2131
2,7,2,2,0.49682,4.105
2,7,2,3,0.56867,4.5332
2,7,2,4,0.51024,3.7168
2,7,2,5,0.53933,6.5819
2,7,2,6,0.51955,5.0021
2,7,2,7,0.556,4.6401
2,7,2,8,0.50159,3.922
2,7,3,1,0.629,2.3287
2,7,3,2,0.63533,1.257
2,7,3,3,0.63636,2.1465
2,7,3,4,0.60889,1.4498
2,7,3,5,0.65808,2.4251
2,7,3,6,0.63267,2.0818
2,7,3,7,0.67464,2.7831
2,7,3,8,0.63278,1.7115
2,7,4,1,0.86893,0.54436
2,7,4,2,0.79125,0.41467
2,7,4,3,0.796,0.87077
2,7,4,4,0.84906,0.31517
2,7,4,5,0.8525,0.85203
2,7,4,6,0.84875,0.50936
2,7,4,7,0.855,0.99745
2,7,4,8,0.83219,0.49917
2,7,5,1,1.0154,0.22993
2,7,5,2,1.025,0.14107
2,7,5,3,1.005,0.2691
2,7,5,4,1.01,0.1582
2,7,5,5,1.01,0.4316
2,7,5,6,1.0304,0.26242
2,7,5,7,1.0064,0.50791
2,7,5,8,1.0975,0.25567
2,7,6,1,1.2182,0.17044
2,7,6,2,1.1983,0.090612
2,7,6,3,1.2417,0.1562
2,7,6,4,1.15,0.10444
2,7,6,5,1.2145,0.22299
2,7,6,6,1.1661,0.097347
2,7,6,7,1.2475,0.19085
2,7,6,8,1.2395,0.087324
2,8,1,1,0.55591,3.3897
2,8,1,2,0.48735,2.6077
2,8,1,3,0.54382,4.4285
2,8,1,4,0.49625,3.3483
2,8,1,5,0.59125,7.2989
2,8,1,6,0.53265,4.038
2,8,1,7,0.5625,5.4991
2,8,1,8,0.51625,4.8958
2,8,2,1,0.581,3.6894
2,8,2,2,0.56214,2.3737
2,8,2,3,0.59875,3.4612
2,8,2,4,0.55885,2.5385
2,8,2,5,0.57467,5.9836
2,8,2,6,0.51714,3.3006
2,8,2,7,0.60735,3.9527
2,8,2,8,0.55038,3.3056
2,8,3,1,0.68286,1.8556
2,8,3,2,0.636,1.239
2,8,3,3,0.677,1.9736
2,8,3,4,0.61154,1.111
2,8,3,5,0.7,2.6066
2,8,3,6,0.64667,1.6485
2,8,3,7,0.67844,2.534
2,8,3,8,0.63615,1.7146
2,8,4,1,0.8545,0.55895
2,8,4,2,0.83538,0.40209
2,8,4,3,0.83607,0.62998
2,8,4,4,0.80269,0.45938
2,8,4,5,0.81909,1.463
2,8,4,6,0.85692,0.7165
2,8,4,7,0.83429,0.96418
2,8,4,8,0.82615,0.6298
2,8,5,1,0.99214,0.35325
2,8,5,2,0.88313,0.28453
2,8,5,3,0.99429,0.30389
2,8,5,4,0.994,0.16764
2,8,5,5,1.0125,0.65868
2,8,5,6,0.85188,0.46822
2,8,5,7,1.026,0.55846
2,8,5,8,1.0405,0.24175
2,8,6,1,1.2163,0.15067
2,8,6,2,1.1427,0.11751
2,8,6,3,1.1708,0.16162
2,8,6,4,1.1712,0.09924
2,8,6,5,1.1388,0.48554
2,8,6,6,1.1408,0.14256
2,8,6,7,1.1873,0.26378
2,8,6,8,1.179,0.14337
3,1,2,1,0.62567,14.609
3,1,2,2,0.60882,5.7731
3,1,2,3,0.60679,14.793
3,1,2,4,0.57,5.8736
3,1,2,5,0.623,15.138
3,1,2,6,0.6075,8.4964
3,1,2,7,0.62571,16.724
3,1,2,8,0.5975,7.4348
3,1,3,1,0.71529,5.7108
3,1,3,2,0.67531,2.8801
3,1,3,3,0.69462,7.4665
3,1,3,4,0.659,3.2918
3,1,3,5,0.71912,8.0555
3,1,3,6,0.70406,4.145
3,1,3,7,0.69214,8.1623
3,1,3,8,0.71227,3.8964
3,1,4,1,0.83375,2.6411
3,1,4,2,0.7975,1.1754
3,1,4,3,0.82731,2.8598
3,1,4,4,0.81769,1.4148
3,1,4,5,0.885,4.1984
3,1,4,6,0.87036,1.7088
3,1,4,7,0.87,4.4993
3,1,4,8,0.86269,1.3898
3,1,5,1,1.025,1.0549
3,1,5,2,0.98538,0.56207
3,1,5,3,1.0133,1.1101
3,1,5,4,1.0058,0.47631
3,1,5,5,1.0586,1.4197
3,1,5,6,1.0192,0.61248
3,1,5,7,1.0804,1.7164
3,1,5,8,1.0679,0.53392
3,1,6,1,1.1517,0.8438
3,1,6,2,1.144,0.33621
3,1,6,3,1.1378,0.72866
3,1,6,4,1.1778,0.26426
3,1,6,5,1.1887,1.1419
3,1,6,6,1.186,0.33392
3,1,6,7,1.1256,1.2774
3,1,6,8,1.2428,0.38157
3,2,2,1,0.54821,15.472
3,2,2,2,0.49462,8.389
3,2,2,3,0.59375,13.676
3,2,2,4,0.49179,10.016
3,2,2,5,0.6175,20.846
3,2,2,6,0.58679,12.737
3,2,2,7,0.65094,18.941
3,2,2,8,0.52,11.234
3,2,3,1,0.62267,10.105
3,2,3,2,0.59542,5.5461
3,2,3,3,0.6425,10.19
3,2,3,4,0.63273,4.2601
3,2,3,5,0.672,14.692
3,2,3,6,0.66821,7.3798
3,2,3,7,0.73406,11.978
3,2,3,8,0.665,5.5796
3,2,4,1,0.78682,3.5511
3,2,4,2,0.80542,1.5608
3,2,4,3,0.82077,3.5229
3,2,4,4,0.80656,1.6513
3,2,4,5,0.88136,5.5156
3,2,4,6,0.82958,2.8582
3,2,4,7,0.96692,5.2214
3,2,4,8,0.85906,1.7894
3,2,5,1,0.968,1.5098
3,2,5,2,0.94895,0.72918
3,2,5,3,0.96682,1.676
3,2,5,4,0.98577,0.62617
3,2,5,5,1.09,2.4961
3,2,5,6,1.0332,1.0103
3,2,5,7,1.0219,2.7773
3,2,5,8,1.0162,0.79724
3,2,6,1,1.1733,0.85484
3,2,6,2,1.1625,0.36405
3,2,6,3,1.1125,0.85003
3,2,6,4,1.1833,0.32162
3,2,6,5,1.3417,1.7248
3,2,6,6,1.1527,0.64685
3,2,6,7,1.1923,1.127
3,2,6,8,1.2317,0.37501
3,3,2,1,0.58036,17.742
3,3,2,2,0.53583,11.836
3,3,2,3,0.61808,17.976
3,3,2,4,0.54767,10.777
3,3,2,5,0.58607,23.052
3,3,2,6,0.55667,14.368
3,3,2,7,0.59808,22.837
3,3,2,8,0.58467,11.861
3,3,3,1,0.69393,9.5372
3,3,3,2,0.67324,5.4424
3,3,3,3,0.70818,10.41
3,3,3,4,0.66844,5.2245
3,3,3,5,0.73,12.159
3,3,3,6,0.69118,6.9178
3,3,3,7,0.75182,11.914
3,3,3,8,0.695,6.529
3,3,4,1,0.88967,3.2024
3,3,4,2,0.85808,1.7956
3,3,4,3,0.865,3.2686
3,3,4,4,0.83937,1.7847
3,3,4,5,0.91844,4.6364
3,3,4,6,0.84,2.3316
3,3,4,7,0.90767,4.2043
3,3,4,8,0.85,2.1535
3,3,5,1,1.039,1.6674
3,3,5,2,1.0423,0.71645
3,3,5,3,1.1091,1.1884
3,3,5,4,1.0612,0.65745
3,3,5,5,1.095,1.9906
3,3,5,6,1.0223,1.0283
3,3,5,7,1.105,1.7442
3,3,5,8,1.1162,0.71694
3,3,6,1,1.2489,0.91491
3,3,6,2,1.2459,0.3768
3,3,6,3,1.3139,0.62241
3,3,6,4,1.2358,0.34125
3,3,6,5,1.2822,1.0369
3,3,6,6,1.2259,0.4247
3,3,6,7,1.2555,1.0871
3,3,6,8,1.2837,0.38407
3,4,2,1,0.63042,11.959
3,4,2,2,0.61393,5.3588
3,4,2,3,0.64294,13.147
3,4,2,4,0.60289,5.4689
3,4,2,5,0.66292,23.529
3,4,2,6,0.63214,9.9087
3,4,2,7,0.64382,20.376
3,4,2,8,0.65763,7.5091
3,4,3,1,0.68324,9.4421
3,4,3,2,0.66591,3.2846
3,4,3,3,0.70393,8.5851
3,4,3,4,0.67969,3.4939
3,4,3,5,0.73441,13.086
3,4,3,6,0.70292,6.1567
3,4,3,7,0.73893,13.336
3,4,3,8,0.67781,5.4012
3,4,4,1,0.82367,3.0241
3,4,4,2,0.83615,1.1547
3,4,4,3,0.83972,3.1827
3,4,4,4,0.8495,1.1253
3,4,4,5,0.93067,4.3331
3,4,4,6,0.895,1.4548
3,4,4,7,0.90722,4.0225
3,4,4,8,0.8665,1.4187
3,4,5,1,1.0187,1.5024
3,4,5,2,1.0317,0.50892
3,4,5,3,1.0391,1.3123
3,4,5,4,1.0379,0.48782
3,4,5,5,1.1,1.7216
3,4,5,6,1.0765,0.63759
3,4,5,7,1.0904,1.4207
3,4,5,8,1.0596,0.53764
3,4,6,1,1.3333,0.52464
3,4,6,2,1.3825,0.20704
3,4,6,3,1.2832,0.66274
3,4,6,4,1.2588,0.24713
3,4,6,5,1.3719,0.58021
3,4,6,6,1.3465,0.37317
3,4,6,7,1.3364,0.68534
3,4,6,8,1.3575,0.20855
3,5,2,1,0.58077,22.065
3,5,2,2,0.543,11.51
3,5,2,3,0.57267,24.275
3,5,2,4,0.54857,11.588
3,5,2,5,0.62286,36.402
3,5,2,6,0.563,13.28
3,5,2,7,0.65875,24.362
3,5,2,8,0.61393,12.825
3,5,3,1,0.69133,8.8544
3,5,3,2,0.63,5.73
3,5,3,3,0.64767,11.478
3,5,3,4,0.63937,5.5245
3,5,3,5,0.73125,14.019
3,5,3,6,0.72292,8.9294
3,5,3,7,0.759,14.239
3,5,3,8,0.71062,5.7196
3,5,4,1,0.86929,2.5083
3,5,4,2,0.87042,1.2389
3,5,4,3,0.86417,2.7167
3,5,4,4,0.8575,1.2137
3,5,4,5,0.91714,5.0266
3,5,4,6,0.88292,2.6871
3,5,4,7,0.94731,4.5128
3,5,4,8,0.944,1.6424
3,5,5,1,1.0405,1.4046
3,5,5,2,1.0018,0.66126
3,5,5,3,1.06,1.2446
3,5,5,4,1.0761,0.54697
3,5,5,5,1.0823,2.3117
3,5,5,6,1.0993,0.98244
3,5,5,7,1.1092,2.9337
3,5,5,8,1.0822,0.70102
3,5,6,1,1.3027,0.66785
3,5,6,2,1.2377,0.3114
3,5,6,3,1.2588,0.73065
3,5,6,4,1.2665,0.28857
3,5,6,5,1.2683,0.85761
3,5,6,6,1.2285,0.3848
3,5,6,7,1.28,1.2306
3,5,6,8,1.3205,0.38525
3,6,2,1,0.61545,13.404
3,6,2,2,0.60533,6.2368
3,6,2,3,0.64067,14.701
3,6,2,4,0.59346,5.8049
3,6,2,5,0.66818,8.4709
3,6,2,6,0.57719,11.068
3,6,2,7,0.71467,24.704
3,6,2,8,0.61308,10.648
3,6,3,1,0.68,7.4646
3,6,3,2,0.65,3.9282
3,6,3,3,0.68033,8.5567
3,6,3,4,0.64406,3.3263
3,6,3,5,0.745,11.474
3,6,3,6,0.71909,5.5028
3,6,3,7,0.73031,8.7161
3,6,3,8,0.68031,5.1859
3,6,4,1,0.78929,2.9354
3,6,4,2,0.81727,1.5188
3,6,4,3,0.80969,3.1108
3,6,4,4,0.77929,1.4117
3,6,4,5,0.86722,4.2137
3,6,4,6,0.79682,2.2084
3,6,4,7,0.85147,4.1638
3,6,4,8,0.81357,2.1717
3,6,5,1,0.9525,1.6557
3,6,5,2,0.97,0.6293
3,6,5,3,1.0573,1.1758
3,6,5,4,0.985,0.60934
3,6,5,5,0.99071,2.0267
3,6,5,6,1.0206,0.67301
3,6,5,7,1.08,1.8929
3,6,5,8,0.94318,0.77795
3,6,6,1,1.1383,0.93507
3,6,6,2,1.0919,0.41224
3,6,6,3,1.16,0.8808
3,6,6,4,1.15,0.32742
3,6,6,5,1.1496,0.90861
3,6,6,6,1.1469,0.40688
3,6,6,7,1.1844,1.1864
3,6,6,8,1.1227,0.49877
3,7,2,1,0.55321,25.08
3,7,2,2,0.54059,10.454
3,7,2,3,0.56147,24.035
3,7,2,4,0.52143,11.138
3,7,2,5,0.564,30.842
3,7,2,6,0.51618,17.062
3,7,2,7,0.57206,26.794
3,7,2,8,0.53643,15.873
3,7,3,1,0.65406,10.518
3,7,3,2,0.65605,4.3284
3,7,3,3,0.63808,10.208
3,7,3,4,0.65107,3.7698
3,7,3,5,0.67688,14.773
3,7,3,6,0.66421,7.1655
3,7,3,7,0.69607,12.221
3,7,3,8,0.64857,5.8722
3,7,4,1,0.794,3.3231
3,7,4,2,0.84692,1.0838
3,7,4,3,0.83464,2.7037
3,7,4,4,0.87469,0.96917
3,7,4,5,0.8725,5.1051
3,7,4,6,0.85308,2.1354
3,7,4,7,0.87733,3.7564
3,7,4,8,0.90812,1.6333
3,7,5,1,1.0204,1.1568
3,7,5,2,1.034,0.47914
3,7,5,3,1.0388,1.2284
3,7,5,4,1.0535,0.43289
3,7,5,5,1.0613,1.6888
3,7,5,6,1.0312,0.72331
3,7,5,7,1.065,1.6713
3,7,5,8,1.065,0.54454
3,7,6,1,1.1729,0.82025
3,7,6,2,1.2613,0.2452
3,7,6,3,1.2158,0.73325
3,7,6,4,1.2242,0.24497
3,7,6,5,1.1617,1.1228
3,7,6,6,1.2425,0.48384
3,7,6,7,1.2504,0.96737
3,7,6,8,1.2469,0.30115
3,8,2,1,0.60321,13.356
3,8,2,2,0.56857,5.6431
3,8,2,3,0.58964,11.536
3,8,2,4,0.55923,6.0682
3,8,2,5,0.58821,20.806
3,8,2,6,0.58437,10.798
3,8,2,7,0.60214,14.787
3,8,2,8,0.545,8.5496
3,8,3,1,0.63923,8.953
3,8,3,2,0.64167,4.3229
3,8,3,3,0.66,8.9195
3,8,3,4,0.60423,5.0845
3,8,3,5,0.70962,12.212
3,8,3,6,0.65867,7.1911
3,8,3,7,0.70269,11.086
3,8,3,8,0.64679,6.2242
3,8,4,1,0.85,2.6137
3,8,4,2,0.82077,1.3471
3,8,4,3,0.83227,3.2392
3,8,4,4,0.78969,1.36
3,8,4,5,0.8385,5.4652
3,8,4,6,0.83,2.0743
3,8,4,7,0.90773,4.0122
3,8,4,8,0.82563,2.2289
3,8,5,1,1.009,1.5406
3,8,5,2,0.92929,0.75129
3,8,5,3,0.98636,1.5266
3,8,5,4,1.0036,0.56784
3,8,5,5,0.95318,3.7889
3,8,5,6,0.94929,1.6046
3,8,5,7,1.0136,2.5359
3,8,5,8,0.99278,1.3985
3,8,6,1,1.1769,0.7727
3,8,6,2,1.1269,0.3576
3,8,6,3,1.0864,0.92173
3,8,6,4,1.1558,0.31796
3,8,6,5,1.1345,2.1577
3,8,6,6,1.1381,0.60948
3,8,6,7,1.1845,0.89301
3,8,6,8,1.0815,0.63119
4,1,2,1,0.57731,22.391
4,1,2,2,0.61222,8.4963
4,1,2,3,0.62346,24.944
4,1,2,4,0.63075,9.6585
4,1,2,5,0.64933,41.63
4,1,2,6,0.63,13.249
4,1,2,7,0.67143,32.151
4,1,2,8,0.6455,11.639
4,1,3,1,0.705,14.345
4,1,3,2,0.722,6.0332
4,1,3,3,0.73833,13.569
4,1,3,4,0.70778,4.569
4,1,3,5,0.75346,26.633
4,1,3,6,0.7385,10.518
4,1,3,7,0.74867,22.229
4,1,3,8,0.76167,6.9759
4,1,4,1,0.85182,6.1656
4,1,4,2,0.861,2.4655
4,1,4,3,0.8575,5.9576
4,1,4,4,0.851,2.1755
4,1,4,5,0.90833,7.631
4,1,4,6,0.89233,3.4173
4,1,4,7,0.91031,7.2104
4,1,4,8,0.8995,2.539
4,1,5,1,1.0536,2.6081
4,1,5,2,0.99111,1.1373
4,1,5,3,0.98964,3.0977
4,1,5,4,1.0273,1.0366
4,1,5,5,1.0353,4.1094
4,1,5,6,1.0283,1.9008
4,1,5,7,1.0854,3.8155
4,1,5,8,1.0419,1.3458
4,1,6,1,1.1786,2.0092
4,1,6,2,1.1995,0.61612
4,1,6,3,1.1625,1.5961
4,1,6,4,1.1773,0.60301
4,1,6,5,1.1596,3.0067
4,1,6,6,1.2023,0.70942
4,1,6,7,1.2863,2.0091
4,1,6,8,1.2496,0.53902
4,2,2,1,0.535,58.345
4,2,2,2,0.53308,20.598
4,2,2,3,0.551,63.539
4,2,2,4,0.49806,21.122
4,2,2,5,0.6575,33.988
4,2,2,6,0.56154,37.594
4,2,2,7,0.66682,59.024
4,2,2,8,0.55139,35.746
4,2,3,1,0.6,32.906
4,2,3,2,0.56133,13.712
4,2,3,3,0.63591,28.482
4,2,3,4,0.59357,12.305
4,2,3,5,0.67722,39.538
4,2,3,6,0.61,15.497
4,2,3,7,0.72,31.168
4,2,3,8,0.64821,14.712
4,2,4,1,0.81682,9.5888
4,2,4,2,0.79636,3.6943
4,2,4,3,0.83107,8.207
4,2,4,4,0.85433,3.3851
4,2,4,5,0.85083,13.346
4,2,4,6,0.82682,4.9539
4,2,4,7,0.90107,10.989
4,2,4,8,0.80467,4.3087
4,2,5,1,0.89107,5.9615
4,2,5,2,0.9285,1.7431
4,2,5,3,0.855,6.7064
4,2,5,4,0.94231,1.9858
4,2,5,5,0.959,8.6657
4,2,5,6,0.98545,3.0916
4,2,5,7,0.96062,7.8327
4,2,5,8,0.97231,2.4452
4,2,6,1,1.1385,2.015
4,2,6,2,1.1588,0.73088
4,2,6,3,1.2043,1.5223
4,2,6,4,1.1797,0.64042
4,2,6,5,1.31,1.9989
4,2,6,6,1.2058,1.0141
4,2,6,7,1.2521,2.2177
4,2,6,8,1.302,0.59055
4,3,2,1,0.62538,36.29
4,3,2,2,0.55455,18.376
4,3,2,3,0.61235,37.829
4,3,2,4,0.55233,17.232
4,3,2,5,0.66231,54.447
4,3,2,6,0.61182,22.685
4,3,2,7,0.66618,56.901
4,3,2,8,0.59133,25.983
4,3,3,1,0.66417,27.406
4,3,3,2,0.64,11.41
4,3,3,3,0.68417,26.76
4,3,3,4,0.7015,10.854
4,3,3,5,0.69125,38.132
4,3,3,6,0.66375,16.375
4,3,3,7,0.73667,33.524
4,3,3,8,0.7,14.756
4,3,4,1,0.87714,8.7309
4,3,4,2,0.83875,4.1197
4,3,4,3,0.82692,8.9131
4,3,4,4,0.85864,3.602
4,3,4,5,0.89143,13.077
4,3,4,6,0.84042,5.6586
4,3,4,7,0.92885,11.441
4,3,4,8,0.8725,4.7431
4,3,5,1,1.0523,4.0027
4,3,5,2,1.0154,1.5619
4,3,5,3,1.0717,3.5654
4,3,5,4,1,1.5029
4,3,5,5,1.0673,5.2844
4,3,5,6,1.0708,2.3383
4,3,5,7,1.12,5.1279
4,3,5,8,1.0928,2.1319
4,3,6,1,1.2245,2.3946
4,3,6,2,1.2235,0.75485
4,3,6,3,1.2844,1.7232
4,3,6,4,1.2528,0.68925
4,3,6,5,1.2473,3.0374
4,3,6,6,1.2612,1.2278
4,3,6,7,1.2478,2.5614
4,3,6,8,1.2511,0.98735
4,4,2,1,0.58857,52.359
4,4,2,2,0.61367,16.292
4,4,2,3,0.61667,44.633
4,4,2,4,0.59708,15.389
4,4,2,5,0.602,61.604
4,4,2,6,0.65667,19.817
4,4,2,7,0.59867,69.474
4,4,2,8,0.60667,25.389
4,4,3,1,0.70533,18.623
4,4,3,2,0.71192,5.4728
4,4,3,3,0.69233,18.902
4,4,3,4,0.6975,5.6264
4,4,3,5,0.72867,32.393
4,4,3,6,0.71846,11.217
4,4,3,7,0.7625,23.487
4,4,3,8,0.75393,6.4993
4,4,4,1,0.86455,7.1051
4,4,4,2,0.82,2.6606
4,4,4,3,0.85714,6.4525
4,4,4,4,0.85667,2.075
4,4,4,5,0.94591,9.8323
4,4,4,6,0.91187,3.0219
4,4,4,7,0.94786,7.4135
4,4,4,8,0.84042,2.337
4,4,5,1,1.0593,2.7258
4,4,5,2,1.0485,0.93009
4,4,5,3,1.0446,2.8198
4,4,5,4,1.0485,0.88811
4,4,5,5,1.135,4.3793
4,4,5,6,1.1245,1.1071
4,4,5,7,1.1481,3.3315
4,4,5,8,1.0975,0.99509
4,4,6,1,1.2305,1.876
4,4,6,2,1.2435,0.55954
4,4,6,3,1.2511,1.6311
4,4,6,4,1.2167,0.569
4,4,6,5,1.276,1.9503
4,4,6,6,1.3018,0.57608
4,4,6,7,1.2989,1.869
4,4,6,8,1.3205,0.52749
4,5,2,1,0.64643,30.93
4,5,2,2,0.59192,14.812
4,5,2,3,0.62167,37.334
4,5,2,4,0.60214,13.168
4,5,2,5,0.86071,23.637
4,5,2,6,0.74615,20.132
4,5,2,7,0.74533,57.024
4,5,2,8,0.65767,20.35
4,5,3,1,0.69929,24.186
4,5,3,2,0.69722,10.889
4,5,3,3,0.66346,30.493
4,5,3,4,0.68818,10.626
4,5,3,5,0.76567,49.041
4,5,3,6,0.73389,17.652
4,5,3,7,0.78538,38.146
4,5,3,8,0.72364,12.649
4,5,4,1,0.86667,7.0098
4,5,4,2,0.8675,2.4608
4,5,4,3,0.84214,7.6129
4,5,4,4,0.90382,2.5036
4,5,4,5,0.93,15.507
4,5,4,6,0.948,4.5412
4,5,4,7,0.97071,12.456
4,5,4,8,0.95529,4.3887
4,5,5,1,1.0017,3.4158
4,5,5,2,0.978,1.3786
4,5,5,3,1.0404,3.2955
4,5,5,4,1.021,1.0989
4,5,5,5,1.0844,5.8593
4,5,5,6,1.125,1.7464
4,5,5,7,1.1196,4.9588
4,5,5,8,1.116,1.8346
4,5,6,1,1.2167,1.9415
4,5,6,2,1.2096,0.64186
4,5,6,3,1.2179,1.6541
4,5,6,4,1.2239,0.57081
4,5,6,5,1.2775,2.1548
4,5,6,6,1.2031,0.90148
4,5,6,7,1.2754,2.316
4,5,6,8,1.2839,0.708
4,6,2,1,0.575,25.388
4,6,2,2,0.55867,13.976
4,6,2,3,0.58722,35.937
4,6,2,4,0.57263,13.958
4,6,2,5,0.688,48.397
4,6,2,6,0.64333,21.02
4,6,2,7,0.5955,28.032
4,6,2,8,0.624,19.226
4,6,3,1,0.66033,21.899
4,6,3,2,0.64214,9.4918
4,6,3,3,0.65333,22.146
4,6,3,4,0.66056,9.4178
4,6,3,5,0.74667,30.358
4,6,3,6,0.66643,15.398
4,6,3,7,0.7525,26.992
4,6,3,8,0.68167,11.885
4,6,4,1,0.81591,8.1433
4,6,4,2,0.8275,2.6145
4,6,4,3,0.80786,8.2693
4,6,4,4,0.81269,2.5836
4,6,4,5,0.91136,9.7712
4,6,4,6,0.84176,4.9898
4,6,4,7,0.93278,6.9932
4,6,4,8,0.85538,4.3553
4,6,5,1,1.0096,3.485
4,6,5,2,0.99538,1.0807
4,6,5,3,0.9315,4.4572
4,6,5,4,0.959,1.1289
4,6,5,5,1.0262,6.1002
4,6,5,6,1.0265,2.1354
4,6,5,7,1.07,5.0017
4,6,5,8,1.0059,1.4337
4,6,6,1,1.183,2.1258
4,6,6,2,1.1195,0.72931
4,6,6,3,1.1309,2.3602
4,6,6,4,1.0823,0.86825
4,6,6,5,1.1785,2.4088
4,6,6,6,1.1205,0.84722
4,6,6,7,1.2171,3.3438
4,6,6,8,1.1086,1.1207
4,7,2,1,0.59767,48.711
4,7,2,2,0.59067,15.827
4,7,2,3,0.61115,46.503
4,7,2,4,0.56156,16.825
4,7,2,5,0.589,62.55
4,7,2,6,0.60433,24.439
4,7,2,7,0.62731,61.084
4,7,2,8,0.58063,23.211
4,7,3,1,0.645,22.887
4,7,3,2,0.64682,7.3698
4,7,3,3,0.68875,19.266
4,7,3,4,0.67833,7.0047
4,7,3,5,0.65667,30.869
4,7,3,6,0.66773,14.393
4,7,3,7,0.71313,25.064
4,7,3,8,0.65806,11.699
4,7,4,1,0.85909,6.5878
4,7,4,2,0.82559,2.4794
4,7,4,3,0.80167,8.0615
4,7,4,4,0.85778,2.0009
4,7,4,5,0.88182,11.03
4,7,4,6,0.85206,3.1564
4,7,4,7,0.865,9.9351
4,7,4,8,0.86444,2.6085
4,7,5,1,1.0627,2.7885
4,7,5,2,0.92143,1.9073
4,7,5,3,1.0217,3.2319
4,7,5,4,1.0065,1.0937
4,7,5,5,1.0425,3.6754
4,7,5,6,0.96786,1.6052
4,7,5,7,1.0695,4.0786
4,7,5,8,1.0326,1.4831
4,7,6,1,1.2046,1.7537
4,7,6,2,1.2135,0.59648
4,7,6,3,1.2035,1.8793
4,7,6,4,1.2328,0.56167
4,7,6,5,1.2273,2.1977
4,7,6,6,1.241,0.76747
4,7,6,7,1.216,2.6819
4,7,6,8,1.2811,0.54451
4,8,2,1,0.56885,29.052
4,8,2,2,0.56406,12.846
4,8,2,3,0.63176,29.681
4,8,2,4,0.58722,13.196
4,8,2,5,0.6625,66.099
4,8,2,6,0.62781,24.176
4,8,2,7,0.62618,36.927
4,8,2,8,0.58278,18.562
4,8,3,1,0.69208,18.609
4,8,3,2,0.66233,7.3544
4,8,3,3,0.69923,15.938
4,8,3,4,0.6525,7.1713
4,8,3,5,0.73042,31.847
4,8,3,6,0.681,11.996
4,8,3,7,0.72154,25.892
4,8,3,8,0.66964,12.372
4,8,4,1,0.847,7.3336
4,8,4,2,0.81091,3.3402
4,8,4,3,0.80176,9.2759
4,8,4,4,0.82375,3.0026
4,8,4,5,0.858,18.287
4,8,4,6,0.77909,6.2951
4,8,4,7,0.85882,14.068
4,8,4,8,0.84333,4.3662
4,8,5,1,1.035,3.1798
4,8,5,2,0.9305,1.397
4,8,5,3,1.0182,3.069
4,8,5,4,1.0025,1.1501
4,8,5,5,1.0037,5.8663
4,8,5,6,0.9855,2.0591
4,8,5,7,1.05,7.1997
4,8,5,8,1.0696,1.4151
4,8,6,1,1.165,2.0193
4,8,6,2,1.1078,0.85662
4,8,6,3,1.1994,2.0423
4,8,6,4,1.1315,0.65363
4,8,6,5,1.1265,4.4398
4,8,6,6,1.1628,0.86116
4,8,6,7,1.2205,2.8817
4,8,6,8,1.186,0.94551
